<?xml version="1.0" encoding="utf-8"?>
<PropertyMap>
 <Property>
  <Name>RobWorkStudioSettings</Name>
  <Description>Settings for RobWorkStudio</Description>
  <Value>
   <PropertyMap>
    <Property>
     <Name>AngleUnit</Name>
     <Value>
      <String>Radians</String>
     </Value>
    </Property>
    <Property>
     <Name>DistanceUnit</Name>
     <Value>
      <String>Centimeters</String>
     </Value>
    </Property>
    <Property>
     <Name>LastOpennedFiles</Name>
     <Value>
      <StringList>/home/jeppe/phd_jeppe_langaa/teaching/rovi/introduction_to_exercises/lab1/Kr16WorkCell/Scene.wc.xml;/home/jeppe/phd_jeppe_langaa/teaching/rovi/introduction_to_exercises/lab3/UR5WorkCellFinal/Scene.wc.xml</StringList>
     </Value>
    </Property>
    <Property>
     <Name>PluginArea_ATaskVisPlugin</Name>
     <Value>
      <Integer>1</Integer>
     </Value>
    </Property>
    <Property>
     <Name>PluginArea_GTaskVisPlugin</Name>
     <Value>
      <Integer>1</Integer>
     </Value>
    </Property>
    <Property>
     <Name>PluginArea_Jog</Name>
     <Value>
      <Integer>1</Integer>
     </Value>
    </Property>
    <Property>
     <Name>PluginArea_Log</Name>
     <Value>
      <Integer>1</Integer>
     </Value>
    </Property>
    <Property>
     <Name>PluginArea_LuaConsole</Name>
     <Value>
      <Integer>1</Integer>
     </Value>
    </Property>
    <Property>
     <Name>PluginArea_Planning</Name>
     <Value>
      <Integer>1</Integer>
     </Value>
    </Property>
    <Property>
     <Name>PluginArea_PlayBack</Name>
     <Value>
      <Integer>1</Integer>
     </Value>
    </Property>
    <Property>
     <Name>PluginArea_PropertyView</Name>
     <Value>
      <Integer>1</Integer>
     </Value>
    </Property>
    <Property>
     <Name>PluginArea_Sensors</Name>
     <Value>
      <Integer>1</Integer>
     </Value>
    </Property>
    <Property>
     <Name>PluginArea_TreeView</Name>
     <Value>
      <Integer>1</Integer>
     </Value>
    </Property>
    <Property>
     <Name>PluginArea_Workcell Editor</Name>
     <Value>
      <Integer>1</Integer>
     </Value>
    </Property>
    <Property>
     <Name>PluginFloating_ATaskVisPlugin</Name>
     <Value>
      <Boolean>0</Boolean>
     </Value>
    </Property>
    <Property>
     <Name>PluginFloating_GTaskVisPlugin</Name>
     <Value>
      <Boolean>0</Boolean>
     </Value>
    </Property>
    <Property>
     <Name>PluginFloating_Jog</Name>
     <Value>
      <Boolean>0</Boolean>
     </Value>
    </Property>
    <Property>
     <Name>PluginFloating_Log</Name>
     <Value>
      <Boolean>0</Boolean>
     </Value>
    </Property>
    <Property>
     <Name>PluginFloating_LuaConsole</Name>
     <Value>
      <Boolean>0</Boolean>
     </Value>
    </Property>
    <Property>
     <Name>PluginFloating_Planning</Name>
     <Value>
      <Boolean>0</Boolean>
     </Value>
    </Property>
    <Property>
     <Name>PluginFloating_PlayBack</Name>
     <Value>
      <Boolean>0</Boolean>
     </Value>
    </Property>
    <Property>
     <Name>PluginFloating_PropertyView</Name>
     <Value>
      <Boolean>0</Boolean>
     </Value>
    </Property>
    <Property>
     <Name>PluginFloating_Sensors</Name>
     <Value>
      <Boolean>0</Boolean>
     </Value>
    </Property>
    <Property>
     <Name>PluginFloating_TreeView</Name>
     <Value>
      <Boolean>0</Boolean>
     </Value>
    </Property>
    <Property>
     <Name>PluginFloating_Workcell Editor</Name>
     <Value>
      <Boolean>0</Boolean>
     </Value>
    </Property>
    <Property>
     <Name>PluginVisible_ATaskVisPlugin</Name>
     <Value>
      <Boolean>0</Boolean>
     </Value>
    </Property>
    <Property>
     <Name>PluginVisible_GTaskVisPlugin</Name>
     <Value>
      <Boolean>0</Boolean>
     </Value>
    </Property>
    <Property>
     <Name>PluginVisible_Jog</Name>
     <Value>
      <Boolean>0</Boolean>
     </Value>
    </Property>
    <Property>
     <Name>PluginVisible_Log</Name>
     <Value>
      <Boolean>0</Boolean>
     </Value>
    </Property>
    <Property>
     <Name>PluginVisible_LuaConsole</Name>
     <Value>
      <Boolean>0</Boolean>
     </Value>
    </Property>
    <Property>
     <Name>PluginVisible_Planning</Name>
     <Value>
      <Boolean>0</Boolean>
     </Value>
    </Property>
    <Property>
     <Name>PluginVisible_PlayBack</Name>
     <Value>
      <Boolean>0</Boolean>
     </Value>
    </Property>
    <Property>
     <Name>PluginVisible_PropertyView</Name>
     <Value>
      <Boolean>0</Boolean>
     </Value>
    </Property>
    <Property>
     <Name>PluginVisible_Sensors</Name>
     <Value>
      <Boolean>0</Boolean>
     </Value>
    </Property>
    <Property>
     <Name>PluginVisible_TreeView</Name>
     <Value>
      <Boolean>0</Boolean>
     </Value>
    </Property>
    <Property>
     <Name>PluginVisible_Workcell Editor</Name>
     <Value>
      <Boolean>0</Boolean>
     </Value>
    </Property>
    <Property>
     <Name>PreviousOpenDirectory</Name>
     <Value>
      <String>/home/jeppe/phd_jeppe_langaa/teaching/rovi/introduction_to_exercises/lab3/UR5WorkCellFinal/</String>
     </Value>
    </Property>
    <Property>
     <Name>QtMainWindowState</Name>
     <Value>
      <IntList>0 0 0 -1 0 0 0 0 -3 0 0 0 1 0 0 0 0 0 0 0 -6 0 0 3 -60 -4 2 0 0 0 11 -5 0 0 0 6 0 74 0 111 0 103 1 0 0 0 61 0 0 3 -60 0 0 0 89 0 -1 -1 -1 -5 0 0 0 6 0 76 0 111 0 103 0 0 0 0 0 -1 -1 -1 -1 0 0 0 89 0 -1 -1 -1 -5 0 0 0 16 0 80 0 108 0 97 0 121 0 66 0 97 0 99 0 107 0 0 0 0 0 -1 -1 -1 -1 0 0 0 120 0 -1 -1 -1 -5 0 0 0 16 0 80 0 108 0 97 0 110 0 110 0 105 0 110 0 103 0 0 0 0 0 -1 -1 -1 -1 0 0 1 -119 0 -1 -1 -1 -5 0 0 0 14 0 83 0 101 0 110 0 115 0 111 0 114 0 115 0 0 0 0 0 -1 -1 -1 -1 0 0 0 -113 0 -1 -1 -1 -5 0 0 0 20 0 76 0 117 0 97 0 67 0 111 0 110 0 115 0 111 0 108 0 101 0 0 0 0 0 -1 -1 -1 -1 0 0 0 -116 0 -1 -1 -1 -5 0 0 0 24 0 80 0 114 0 111 0 112 0 101 0 114 0 116 0 121 0 86 0 105 0 101 0 119 0 0 0 0 0 -1 -1 -1 -1 0 0 0 123 0 -1 -1 -1 -5 0 0 0 28 0 71 0 84 0 97 0 115 0 107 0 86 0 105 0 115 0 80 0 108 0 117 0 103 0 105 0 110 0 0 0 0 0 -1 -1 -1 -1 0 0 2 -77 0 -1 -1 -1 -5 0 0 0 16 0 84 0 114 0 101 0 101 0 86 0 105 0 101 0 119 0 0 0 0 0 -1 -1 -1 -1 0 0 0 -116 0 -1 -1 -1 -5 0 0 0 28 0 65 0 84 0 97 0 115 0 107 0 86 0 105 0 115 0 80 0 108 0 117 0 103 0 105 0 110 0 0 0 0 0 -1 -1 -1 -1 0 0 1 61 0 -1 -1 -1 -5 0 0 0 30 0 87 0 111 0 114 0 107 0 99 0 101 0 108 0 108 0 32 0 69 0 100 0 105 0 116 0 111 0 114 0 0 0 0 0 -1 -1 -1 -1 0 0 0 -20 0 -1 -1 -1 0 0 6 61 0 0 3 -60 0 0 0 4 0 0 0 4 0 0 0 8 0 0 0 8 -4 0 0 0 1 0 0 0 2 0 0 0 5 0 0 0 22 0 70 0 105 0 108 0 101 0 84 0 111 0 111 0 108 0 66 0 97 0 114 1 0 0 0 0 -1 -1 -1 -1 0 0 0 0 0 0 0 0 0 0 0 12 0 86 0 105 0 101 0 119 0 51 0 68 1 0 0 0 -75 -1 -1 -1 -1 0 0 0 0 0 0 0 0 0 0 0 38 0 83 0 116 0 97 0 110 0 100 0 97 0 114 0 100 0 86 0 105 0 101 0 119 0 115 0 86 0 105 0 101 0 119 0 51 0 68 1 0 0 1 -110 -1 -1 -1 -1 0 0 0 0 0 0 0 0 0 0 0 22 0 90 0 111 0 111 0 109 0 84 0 111 0 111 0 108 0 98 0 97 0 114 1 0 0 2 -105 -1 -1 -1 -1 0 0 0 0 0 0 0 0 0 0 0 20 0 80 0 108 0 117 0 103 0 105 0 110 0 115 0 66 0 97 0 114 1 0 0 3 10 -1 -1 -1 -1 0 0 0 0 0 0 0 0</IntList>
     </Value>
    </Property>
    <Property>
     <Name>WindowHeight</Name>
     <Value>
      <Integer>1025</Integer>
     </Value>
    </Property>
    <Property>
     <Name>WindowPosX</Name>
     <Value>
      <Integer>67</Integer>
     </Value>
    </Property>
    <Property>
     <Name>WindowPosY</Name>
     <Value>
      <Integer>27</Integer>
     </Value>
    </Property>
    <Property>
     <Name>WindowWidth</Name>
     <Value>
      <Integer>1853</Integer>
     </Value>
    </Property>
   </PropertyMap>
  </Value>
 </Property>
 <Property>
  <Name>SceneViewer</Name>
  <Value>
   <PropertyMap>
    <Property>
     <Name>BackGroundColorBottom</Name>
     <Description>Bottom background color</Description>
     <Value>
      <Vector3D>0.2 0.2 1</Vector3D>
     </Value>
    </Property>
    <Property>
     <Name>BackGroundColorTop</Name>
     <Description>Top background color</Description>
     <Value>
      <Vector3D>1 1 1</Vector3D>
     </Value>
    </Property>
    <Property>
     <Name>DrawBackGround</Name>
     <Description>Draw Back Ground</Description>
     <Value>
      <Boolean>1</Boolean>
     </Value>
    </Property>
    <Property>
     <Name>GL_ALHPA_TEST</Name>
     <Value>
      <Boolean>0</Boolean>
     </Value>
    </Property>
    <Property>
     <Name>GL_BLEND</Name>
     <Value>
      <Boolean>1</Boolean>
     </Value>
    </Property>
    <Property>
     <Name>GL_DEPTH_TEST</Name>
     <Description>Enable depth testing</Description>
     <Value>
      <Boolean>1</Boolean>
     </Value>
    </Property>
    <Property>
     <Name>GL_LIGHTING</Name>
     <Value>
      <Boolean>1</Boolean>
     </Value>
    </Property>
    <Property>
     <Name>GL_LINE_SMOOTH</Name>
     <Value>
      <Boolean>1</Boolean>
     </Value>
    </Property>
    <Property>
     <Name>GL_NORMALIZE</Name>
     <Value>
      <Boolean>1</Boolean>
     </Value>
    </Property>
    <Property>
     <Name>GL_POINT_SMOOTH</Name>
     <Value>
      <Boolean>0</Boolean>
     </Value>
    </Property>
    <Property>
     <Name>GL_POLYGON_SMOOTH</Name>
     <Value>
      <Boolean>0</Boolean>
     </Value>
    </Property>
    <Property>
     <Name>ReInitializeGL</Name>
     <Description>Reinitializes the opengl configuration.</Description>
     <Value>
      <Boolean>0</Boolean>
     </Value>
    </Property>
    <Property>
     <Name>ShowAllModels</Name>
     <Description>Show All Models.</Description>
     <Value>
      <Boolean>0</Boolean>
     </Value>
    </Property>
    <Property>
     <Name>ShowCollisionModels</Name>
     <Description>Show Collision Models.</Description>
     <Value>
      <Boolean>0</Boolean>
     </Value>
    </Property>
    <Property>
     <Name>ShowDrawableModels</Name>
     <Description>Show Drawable Models.</Description>
     <Value>
      <Boolean>1</Boolean>
     </Value>
    </Property>
    <Property>
     <Name>ShowPhysicalModels</Name>
     <Description>Show Physical Models.</Description>
     <Value>
      <Boolean>1</Boolean>
     </Value>
    </Property>
    <Property>
     <Name>ShowVirtualModels</Name>
     <Description>Show Virtual Models.</Description>
     <Value>
      <Boolean>1</Boolean>
     </Value>
    </Property>
    <Property>
     <Name>glDepthFunc</Name>
     <Description>Possible values: GL_NEVER, GL_LESS, GL_EQUAL, GL_LEQUAL, GL_GREATER, GL_NOTEQUAL, GL_GEQUAL, GL_ALWAYS</Description>
     <Value>
      <Integer>513</Integer>
     </Value>
    </Property>
    <Property>
     <Name>glShadeModel</Name>
     <Value>
      <Integer>7425</Integer>
     </Value>
    </Property>
   </PropertyMap>
  </Value>
 </Property>
 <Property>
  <Name>StudioView3D</Name>
  <Value>
   <PropertyMap/>
  </Value>
 </Property>
 <Property>
  <Name>cmdline</Name>
  <Value>
   <PropertyMap/>
  </Value>
 </Property>
</PropertyMap>
